{
  "goodbye": {
    "precision": 1.0,
    "recall": 1.0,
    "f1-score": 1.0,
    "support": 4,
    "confused_with": {}
  },
  "ask_location": {
    "precision": 1.0,
    "recall": 1.0,
    "f1-score": 1.0,
    "support": 4,
    "confused_with": {}
  },
  "request_hotel_recommendation": {
    "precision": 0.9333333333333333,
    "recall": 1.0,
    "f1-score": 0.9655172413793104,
    "support": 14,
    "confused_with": {}
  },
  "inform": {
    "precision": 1.0,
    "recall": 0.9411764705882353,
    "f1-score": 0.9696969696969697,
    "support": 34,
    "confused_with": {
      "request_hotel_recommendation": 1,
      "ask_facility_specific": 1
    }
  },
  "ask_facility_general": {
    "precision": 1.0,
    "recall": 1.0,
    "f1-score": 1.0,
    "support": 4,
    "confused_with": {}
  },
  "greet": {
    "precision": 1.0,
    "recall": 1.0,
    "f1-score": 1.0,
    "support": 5,
    "confused_with": {}
  },
  "ask_facility_specific": {
    "precision": 0.9090909090909091,
    "recall": 1.0,
    "f1-score": 0.9523809523809523,
    "support": 10,
    "confused_with": {}
  },
  "accuracy": 0.9733333333333334,
  "macro avg": {
    "precision": 0.9774891774891775,
    "recall": 0.9915966386554622,
    "f1-score": 0.9839421662081761,
    "support": 75
  },
  "weighted avg": {
    "precision": 0.9754343434343434,
    "recall": 0.9733333333333334,
    "f1-score": 0.9734766383042245,
    "support": 75
  },
  "micro avg": {
    "precision": 0.9733333333333334,
    "recall": 0.9733333333333334,
    "f1-score": 0.9733333333333334,
    "support": 75
  }
}